agency,city,email
Digital Marketing Agency 1 in Delhi,Delhi,"SUBJECT: Boost Client Acquisition with AI
EMAIL: Hi, I came across Digital Marketing Agency 1 in Delhi. Our AI tool helps agencies like yours find new clients automatically. Interested in learning more?"
Digital Marketing Agency 2 in Delhi,Delhi,"SUBJECT: Grow Your Digital Marketing Agency with AI
EMAIL: Hi, I came across Digital Marketing Agency 2 in Delhi. Our AI tool helps agencies like yours find new clients automatically. Interested in learning more?"
Digital Marketing Agency 3 in Delhi,Delhi,"SUBJECT: Grow Your Digital Marketing Agency with AI
EMAIL: Hi, I came across Digital Marketing Agency 3 in Delhi. Our AI tool helps agencies like yours find new clients automatically. Interested in learning more?"
Digital Marketing Agency 4 in Delhi,Delhi,"SUBJECT: Grow Your Agency with AI-Powered Leads
EMAIL: Hi, I came across Digital Marketing Agency 4 in Delhi. Our AI tool helps agencies like yours find new clients automatically. Interested in learning more?"
Digital Marketing Agency 5 in Delhi,Delhi,"SUBJECT: Grow Your Digital Marketing Agency with AI
EMAIL: Hi, I came across Digital Marketing Agency 5 in Delhi. Our AI tool helps agencies like yours find new clients automatically. Interested in learning more?"
Digital Marketing Agency 6 in Delhi,Delhi,"SUBJECT: Grow Your Digital Marketing Agency with AI-Powered Leads
EMAIL: Hi, I came across Digital Marketing Agency 6 in Delhi. Our AI tool helps agencies like yours find new clients. I'd love to discuss how we can help you grow. Would you be open to a quick call?"
Digital Marketing Agency 7 in Delhi,Delhi,"SUBJECT: Boost Client Acquisition with AI
EMAIL: Hi, I came across Digital Marketing Agency 7 in Delhi and saw an opportunity to help. Our AI tool finds new clients for agencies like yours. Interested in learning more?"
Digital Marketing Agency 8 in Delhi,Delhi,"SUBJECT: Boost Client Acquisition with AI
EMAIL: Hi, I came across Digital Marketing Agency 8 in Delhi. Our AI tool helps agencies like yours find new clients automatically. I'd love to discuss how it can benefit your business. Best, [Your Name]"
Digital Marketing Agency 9 in Delhi,Delhi,"SUBJECT: Grow Your Digital Marketing Agency with AI
EMAIL: Hi, I'd like to introduce you to our AI tool that finds new clients for digital marketing agencies. It can help expand your business at Digital Marketing Agency 9 in Delhi. Would you be open to a quick call to discuss?"
Digital Marketing Agency 10 in Delhi,Delhi,"SUBJECT: Boost Client Acquisition with AI
EMAIL: Hi, I'd like to introduce our AI tool that helps digital marketing agencies like yours find new clients. Interested in learning more?"
