name,agency,city,service,email
dhruv ,"C:\Users\dhruv\AppData\Local\Programs\Python\Python314\python.exe ""c:/Users/dhruv/Downloads/lead gen/lead_gen.py""",fvvd,"C:\Users\dhruv\AppData\Local\Programs\Python\Python314\python.exe ""c:/Users/dhruv/Downloads/lead gen/lead_gen.py""","Subject: Boost Your Agency's Growth with AI

Body: Hi Dhruv, I came across C:\Users\dhruv\AppData\Local\Programs\Python\Python314\python.exe ""c:/Users/dhruv/Downloads/lead gen/lead_gen.py"" in FVVD. Our AI tool helps agencies like yours find new clients automatically. I'd love to discuss how we can help you grow your business. Let's schedule a call to explore further. Best, [Your Name]"
"C:\Users\dhruv\AppData\Local\Programs\Python\Python314\python.exe ""c:/Users/dhruv/Downloads/lead gen/lead_gen.py""","C:\Users\dhruv\AppData\Local\Programs\Python\Python314\python.exe ""c:/Users/dhruv/Downloads/lead gen/lead_gen.py""","C:\Users\dhruv\AppData\Local\Programs\Python\Python314\python.exe ""c:/Users/dhruv/Downloads/lead gen/lead_gen.py""","C:\Users\dhruv\AppData\Local\Programs\Python\Python314\python.exe ""c:/Users/dhruv/Downloads/lead gen/lead_gen.py""","Subject: Boost Your Agency's Growth with AI

Body: Hi Dhruv, I came across your digital marketing agency and was impressed. Our AI tool helps agencies like yours find new clients automatically. I'd love to discuss how we can help you grow your business in your area, specializing in your services. Let's connect and explore opportunities. Best, [Your Name]"
"C:\Users\dhruv\AppData\Local\Programs\Python\Python314\python.exe ""c:/Users/dhruv/Downloads/lead gen/lead_gen.py""","C:\Users\dhruv\AppData\Local\Programs\Python\Python314\python.exe ""c:/Users/dhruv/Downloads/lead gen/lead_gen.py""","C:\Users\dhruv\AppData\Local\Programs\Python\Python314\python.exe ""c:/Users/dhruv/Downloads/lead gen/lead_gen.py""","C:\Users\dhruv\AppData\Local\Programs\Python\Python314\python.exe ""c:/Users/dhruv/Downloads/lead gen/lead_gen.py""","Subject: Boost Your Agency's Growth with AI-Powered Leads

Body: Hi Dhruv, I came across your digital marketing agency and was impressed. Our AI tool helps agencies like yours find new clients automatically. I'd love to discuss how we can help you grow your business. Let's schedule a call to explore further. Best, [Your Name]"
"C:\Users\dhruv\AppData\Local\Programs\Python\Python314\python.exe ""c:/Users/dhruv/Downloads/lead gen/lead_gen.py""","C:\Users\dhruv\AppData\Local\Programs\Python\Python314\python.exe ""c:/Users/dhruv/Downloads/lead gen/lead_gen.py""","C:\Users\dhruv\AppData\Local\Programs\Python\Python314\python.exe ""c:/Users/dhruv/Downloads/lead gen/lead_gen.py""","C:\Users\dhruv\AppData\Local\Programs\Python\Python314\python.exe ""c:/Users/dhruv/Downloads/lead gen/lead_gen.py""","Subject: Boost Your Agency's Growth with AI-Powered Leads

Body: Hi Dhruv, I came across your digital marketing agency and was impressed. Our AI tool can help you find new clients automatically. Would you like to learn more about how we can support your business growth?"
"C:\Users\dhruv\AppData\Local\Programs\Python\Python314\python.exe ""c:/Users/dhruv/Downloads/lead gen/lead_gen.py""","C:\Users\dhruv\AppData\Local\Programs\Python\Python314\python.exe ""c:/Users/dhruv/Downloads/lead gen/lead_gen.py""","C:\Users\dhruv\AppData\Local\Programs\Python\Python314\python.exe ""c:/Users/dhruv/Downloads/lead gen/lead_gen.py""","C:\Users\dhruv\AppData\Local\Programs\Python\Python314\python.exe ""c:/Users/dhruv/Downloads/lead gen/lead_gen.py""","Subject: Grow Your Agency with AI-Powered Lead Generation

Body: Hi, I came across your digital marketing agency and noticed your expertise in lead generation. Our AI tool can help you find new clients automatically. I'd love to discuss how it can benefit your business. Would you be open to a quick call to explore further?"
