name,agency,city,service,score,email
Rahul,GrowthEdge,Delhi,SEO,"SCORE: 8
REASON: As the owner of an SEO agency, Rahul is likely to face challenges in finding new clients and may benefit from an AI client-finding tool to streamline his lead generation process.","Subject: Boost GrowthEdge's Client Base with AI

Hi Rahul, 

I came across GrowthEdge and was impressed with your SEO expertise. Our AI tool helps agencies like yours find new clients automatically. I'd love to discuss how it can support your business growth in Delhi. Would you be open to a quick call to explore further?

Best, [Your Name]"
Priya,DigitalBoost,Mumbai,Social Media,"SCORE: 8
REASON: As a social media service provider at a digital agency in a large city like Mumbai, Priya likely faces significant competition and may need an AI client-finding tool to streamline and enhance her client acquisition efforts.","Subject: Grow DigitalBoost with AI-Powered Client Acquisition

Hi Priya, 
I came across DigitalBoost and was impressed with your social media expertise. Our AI tool helps agencies like yours find new clients automatically. I'd love to discuss how we can help you grow your business. Are you open to a quick call? 
Best, [Your Name]"
Amit,PixelMinds,Bangalore,Google Ads,"SCORE: 8
REASON: Amit from PixelMinds, a Google Ads service provider in Bangalore, is likely to need an AI client-finding tool to expand their customer base and stay competitive in a crowded market.","Subject: Boost Your Agency's Growth with AI-Powered Leads

Hi Amit, 

I came across PixelMinds and was impressed with your Google Ads expertise. Our AI tool helps agencies like yours find new clients automatically. I'd love to discuss how we can help PixelMinds grow. Let's schedule a call to explore further.

Best, [Your Name]"
Sneha,BrandWave,Pune,Content Marketing,"SCORE: 8
REASON: Sneha, as a content marketing service provider at BrandWave, is likely to need an AI client-finding tool to streamline and enhance their lead generation efforts in a competitive market.","Subject: Boost Client Acquisition for BrandWave

Hi Sneha, 
I came across BrandWave and was impressed with your content marketing expertise. Our AI tool helps agencies like yours find new clients automatically. I'd love to explore how we can help you grow your business. Would you be open to a quick call to discuss? 
Best, [Your Name]"
Rohan,SocialPeak,Hyderabad,Website Design,"SCORE: 8
REASON: As a website design service provider at SocialPeak, Rohan likely faces competition and may need an AI client-finding tool to streamline lead generation and stay ahead in the market.","Subject: Boost Client Acquisition for SocialPeak

Hi Rohan, 
I came across SocialPeak and was impressed with your website design work. Our AI tool can help you find new clients automatically, saving time and increasing revenue. I'd love to discuss how it can benefit your agency in Hyderabad. Let's schedule a call to explore further. 
Best, [Your Name]"
Arjun,WebCraft,Chennai,SEO,"SCORE: 8
REASON: As the owner of an SEO service agency, Arjun is likely to need a constant stream of new clients to grow his business, making an AI client-finding tool a potentially valuable asset.","Subject: Grow WebCraft with AI-Powered Lead Generation

Hi Arjun, 
I came across WebCraft and was impressed with your SEO expertise. Our AI tool helps agencies like yours find new clients automatically. I'd love to discuss how it can benefit WebCraft. Would you be open to a quick call to explore further?
Best, [Your Name]"
Neha,ClickMedia,Kolkata,Instagram Marketing,"SCORE: 8
REASON: As a marketing agency specializing in Instagram Marketing, Neha from ClickMedia is likely to benefit from an AI client-finding tool to streamline and expand her client acquisition efforts.","Subject: Boost ClickMedia's Growth with AI-Powered Client Acquisition

Hi Neha, 
I came across ClickMedia and was impressed with your Instagram marketing expertise. Our AI tool helps agencies like yours find new clients automatically. I'd love to discuss how we can help ClickMedia grow. Would you be open to a quick call? 
Best, [Your Name]"
Vikram,AdVantage,Jaipur,Facebook Ads,"SCORE: 8
REASON: Vikram's agency, AdVantage, likely manages multiple clients and campaigns, including Facebook Ads, making an AI client-finding tool a potentially valuable asset to streamline and expand their business.","Subject: Boost AdVantage's Growth with AI-Powered Client Acquisition

Hi Vikram, 

I came across AdVantage and was impressed with your Facebook Ads expertise. Our AI tool helps agencies like yours find new clients automatically. I'd love to discuss how we can help AdVantage grow. Would you be open to a quick call?

Best, [Your Name]"
Pooja,CreativeHub,Ahmedabad,Video Marketing,"SCORE: 8
REASON: As a video marketing service provider at CreativeHub, Pooja likely faces competition and may struggle to find new clients, making an AI client-finding tool a potentially valuable asset for her business.","Subject: Grow CreativeHub with AI-Powered Client Acquisition

Hi Pooja, 

I came across CreativeHub and was impressed by your video marketing expertise. Our AI tool helps agencies like yours find new clients automatically. I'd love to discuss how it can benefit CreativeHub. Let's explore growth opportunities together.

Best, [Your Name]"
Karan,LeadForce,Lucknow,Email Marketing,"SCORE: 8
REASON: As the owner of an agency called LeadForce that offers email marketing services, Karan likely needs to continuously find new clients to grow his business, making an AI client-finding tool a potentially valuable asset.","Subject: Boost LeadForce's Growth with AI-Powered Client Acquisition

Hi Karan, 
I came across LeadForce and was impressed with your email marketing expertise. Our AI tool helps agencies like yours find new clients automatically. I'd love to explore how we can support LeadForce's growth. Would you be open to a quick call to discuss?"
